-- PRACTICA REALIZADA POR MIGUEL AMATO Y ALEJANDRO TOBIAS - 2ºA

 -- DATOS FUTBOL_ACTAS

    INSERT INTO  FUTBOL_ACTAS(IDACTA, DNIARBITRO, JORNADA, ESTADIO)
        VALUES(00000001, '11111111A' ,14 , 'Camp Nou');
        
    INSERT INTO  FUTBOL_ACTAS(IDACTA, DNIARBITRO, JORNADA, ESTADIO)
        VALUES(00000002, '66666666F' ,11 , 'Vicente Calderón');

-- DATOS FUTBOL_ARBSECUNDARIOS

    INSERT INTO FUTBOL_ARBSECUNDARIOS(DNIARBITRO, JORNADA, ESTADIO)
        VALUES('11111111A', 14, 'Camp Nou');
    INSERT INTO FUTBOL_ARBSECUNDARIOS(DNIARBITRO, JORNADA, ESTADIO)
        VALUES('66666666F', 11, 'Santiago Bernabéu');
    INSERT INTO FUTBOL_ARBSECUNDARIOS(DNIARBITRO, JORNADA, ESTADIO)
        VALUES('66666666F', 24, 'Vicente Calderón');

-- DATOS FUTBOL_PARTIDOS

    INSERT INTO FUTBOL_PARTIDOS(JORNADA, ESTADIO, FECHA,NIFLOCAL, NIFVISITANTE, DNIARBITROPRINCIPAL)
        VALUES(14,'Camp Nou',TO_DATE('03/12/2016/16:15', 'DD/MM/YYYY/HH24:MI'),'G8266298','B84030576','11111111A');
     INSERT INTO FUTBOL_PARTIDOS(JORNADA, ESTADIO, FECHA,NIFLOCAL, NIFVISITANTE, DNIARBITROPRINCIPAL)
        VALUES(11,'Vicente Calderón',TO_DATE('19/11/2016/20:45', 'DD/MM/YYYY HH24:MI'),'A80373764','B84030576','66666666F');
        
        
     INSERT INTO FUTBOL_PARTIDOS(JORNADA, ESTADIO, FECHA,NIFLOCAL, NIFVISITANTE, DNIARBITROPRINCIPAL)
        VALUES(11,'Santiago Bernabéu',TO_DATE('06/11/2016/20:45', 'DD/MM/YYYY/HH24:MI'),'B84030576','G8266298','33333333C');
        
        
     INSERT INTO FUTBOL_PARTIDOS(JORNADA, ESTADIO, FECHA,NIFLOCAL, NIFVISITANTE, DNIARBITROPRINCIPAL)
        VALUES(24,'Vicente Calderón',TO_DATE('25/02/2017/16:15', 'DD/MM/YYYY/HH24:MI'),'A80373764','G8266298','33333333C');
  
 
 -- DATOS FUTBOL_JUGADORES
 
    INSERT INTO FUTBOL_JUGADORES(DNI, DORSAL, FICHA, DEMARCACION, NIFEQUIPO)
        VALUES ('11111110A', 7, 32000000, 'Delantero', 'B84030576');
    INSERT INTO FUTBOL_JUGADORES(DNI, DORSAL, FICHA, DEMARCACION, NIFEQUIPO)
        VALUES ('22222221B', 19, 6760000, 'CentroCampista', 'B84030576');
    INSERT INTO FUTBOL_JUGADORES(DNI, DORSAL, FICHA, DEMARCACION, NIFEQUIPO)
        VALUES ('33333332C', 2, 4000000, 'Defensa', 'B84030576');
    INSERT INTO FUTBOL_JUGADORES(DNI, DORSAL, FICHA, DEMARCACION, NIFEQUIPO)
        VALUES ('44444443D', 3, 5800000, 'Defensa', 'G8266298');
    INSERT INTO FUTBOL_JUGADORES(DNI, DORSAL, FICHA, DEMARCACION, NIFEQUIPO)
        VALUES ('55555554E', 7, 4000000, 'CentroCampista', 'G8266298');
    INSERT INTO FUTBOL_JUGADORES(DNI, DORSAL, FICHA, DEMARCACION, NIFEQUIPO)
        VALUES ('66666665F', 19, 1000000, 'Defensa', 'A80373764');
    INSERT INTO FUTBOL_JUGADORES(DNI, DORSAL, FICHA, DEMARCACION, NIFEQUIPO)
        VALUES ('77777779G', 1, 3500000, 'Portero', 'A80373764');
 
 -- DATOS FUTBOL_ARBITROS
 
    INSERT INTO FUTBOL_ARBITROS(DNI , NUMTEMP)
        VALUES ('11111111A', 10);
     INSERT INTO FUTBOL_ARBITROS(DNI , NUMTEMP)
        VALUES ('22222222B', 2);
     INSERT INTO FUTBOL_ARBITROS(DNI , NUMTEMP)
        VALUES ('33333333C', 5);
     INSERT INTO FUTBOL_ARBITROS(DNI , NUMTEMP)
        VALUES ('44444444D', 1);
     INSERT INTO FUTBOL_ARBITROS(DNI , NUMTEMP)
        VALUES ('55555555E', 23);
     INSERT INTO FUTBOL_ARBITROS(DNI , NUMTEMP)
        VALUES ('66666666F', 15);
     INSERT INTO FUTBOL_ARBITROS(DNI , NUMTEMP)
        VALUES ('77777777G', 3);
 
 
 -- DATOS FUTBOL_EQUIPOS
 
    INSERT INTO FUTBOL_EQUIPOS(NIF, NOMBRE, PRESUPUESTO, DNIENTRENADOR)
        VALUES ('B84030576', 'Real Madrid C.F.', '453000000', '01111110A');
        
    INSERT INTO FUTBOL_EQUIPOS(NIF, NOMBRE, PRESUPUESTO, DNIENTRENADOR)
        VALUES ('G8266298', 'F.C. Barcelona', '157000000', '02222221B');
        
    INSERT INTO FUTBOL_EQUIPOS(NIF, NOMBRE, PRESUPUESTO, DNIENTRENADOR)
        VALUES ('A80373764', 'Atlético de Madrid', '140000000', '03333332C');
 
-- DATOS FUTBOL_ENTRENADORES

    INSERT INTO FUTBOL_ENTRENADORES(DNI)
        VALUES ('01111110A');
        
    INSERT INTO FUTBOL_ENTRENADORES(DNI)
        VALUES ('02222221B');
        
    INSERT INTO FUTBOL_ENTRENADORES(DNI)
        VALUES ('03333332C');

-- DATOS FUTBOL_PERSONAS

 INSERT INTO FUTBOL_PERSONAS(DNI,NOMBRE)
    VALUES ('11111111A', 'David Pérez Pallas');
  INSERT INTO FUTBOL_PERSONAS(DNI,NOMBRE)
    VALUES ('22222222B', 'Alexandre Alemán Pérez');
 
  INSERT INTO FUTBOL_PERSONAS(DNI,NOMBRE)
    VALUES ('33333333C', 'Moisés Mateo Montañés');
 
  INSERT INTO FUTBOL_PERSONAS(DNI,NOMBRE)
    VALUES ('44444444D', 'Adrián Díaz González');
 
  INSERT INTO FUTBOL_PERSONAS(DNI,NOMBRE)
    VALUES ('55555555E', 'Juan Manuel López Amaya');
  INSERT INTO FUTBOL_PERSONAS(DNI,NOMBRE)
    VALUES ('66666666F', 'Iván González González');
 
  INSERT INTO FUTBOL_PERSONAS(DNI,NOMBRE)
    VALUES ('77777777G', 'Jorge Figueroa Vázquez');
 
  INSERT INTO FUTBOL_PERSONAS(DNI,NOMBRE)
    VALUES ('11111110A', 'Cristiano Ronaldo');
 
  INSERT INTO FUTBOL_PERSONAS(DNI,NOMBRE)
    VALUES ('22222221B', 'Achraf Hakimi');
 
  INSERT INTO FUTBOL_PERSONAS(DNI,NOMBRE)
    VALUES ('33333332C', 'Carvajal');
 
  INSERT INTO FUTBOL_PERSONAS(DNI,NOMBRE)
    VALUES ('44444443D', 'Piqué');
 
  INSERT INTO FUTBOL_PERSONAS(DNI,NOMBRE)
    VALUES ('55555554E', 'Arda Turan');
 
  INSERT INTO FUTBOL_PERSONAS(DNI,NOMBRE)
    VALUES ('66666665F', 'Lucas');
 
  INSERT INTO FUTBOL_PERSONAS(DNI,NOMBRE)
    VALUES ('77777779G', 'Moya');
 
  INSERT INTO FUTBOL_PERSONAS(DNI,NOMBRE)
    VALUES ('01111110A', 'Zinedine Zidane');
 
  INSERT INTO FUTBOL_PERSONAS(DNI,NOMBRE)
    VALUES ('02222221B', 'Luis Enrique Martinez García');
 
  INSERT INTO FUTBOL_PERSONAS(DNI,NOMBRE)
    VALUES ('03333332C', 'Diego Simeone');
 
 
 --MODIFICACIONES
 
 UPDATE FUTBOL_PERSONAS
 SET DNI = '12345678A'
 WHERE NOMBRE = 'Carvajal';
 
 -- COMO DNI ES UNA CLAVE PRIMARIA DE LA TABLA NO SE PUEDEN MODIFICAR SUS VALORES, PRODUCIENDOSE UNA VIOLACION DE TIPO ORA-02292
 
 UPDATE FUTBOL_PERSONAS
 SET NOMBRE = 'PIQUE ALBERTO'
 WHERE DNI = '44444443D';
 
 DELETE FROM  FUTBOL_ARBITROS 
 WHERE DNI = '22222222B';

 